row_id,task_index,window_id,query_start,query_end,reference_start,failure_count,role,exposure_flag,instruction
0,task_6,20220320_0900,2022-03-20T09:00:00+08:00,2022-03-20T09:30:00+08:00,2022-03-20T08:30:00+08:00,1,trial,,"The cloud service system, cloudbed-1, experienced one failure within the time range of March 20, 2022, from 09:00 to 09:30. The specific component responsible for this failure and the underlying reason are currently unknown. You are tasked with identifying the root cause component and the root cause reason."
1,task_1,20220320_0930,2022-03-20T09:30:00+08:00,2022-03-20T10:00:00+08:00,2022-03-20T09:00:00+08:00,1,trial,,"During the time range of March 20, 2022, from 09:30 to 10:00, the cloudbed-1 system experienced a single failure. The exact time of the root cause occurrence is currently unknown, which complicates the failure diagnosis process. Please identify the root cause occurrence datetime."
2,task_1,20220320_1000,2022-03-20T10:00:00+08:00,2022-03-20T10:30:00+08:00,2022-03-20T09:30:00+08:00,1,trial,,"The cloud service system, cloudbed-1, experienced a failure within the time range of March 20, 2022, from 10:00 to 10:30. However, the exact time when the root cause of the failure occurred is currently unknown. Please identify the root cause occurrence datetime."
3,task_6,20220320_1030,2022-03-20T10:30:00+08:00,2022-03-20T11:00:00+08:00,2022-03-20T10:00:00+08:00,1,trial,,"The cloud service system, cloudbed-1, experienced a failure within the time range of March 20, 2022, from 10:30 to 11:00. The specific component that caused the root failure and the underlying reason for the failure are currently unknown. Please identify the root cause component and the root cause reason."
4,task_3,20220320_1100,2022-03-20T11:00:00+08:00,2022-03-20T11:30:00+08:00,2022-03-20T10:30:00+08:00,1,trial,,"The cloud service system cloudbed-1 experienced one failure within the time range of March 20, 2022, from 11:00 to 11:30. The specific component responsible for this failure is currently unknown. You are tasked with identifying the root cause component."
5,task_2,20220320_1130,2022-03-20T11:30:00+08:00,2022-03-20T12:00:00+08:00,2022-03-20T11:00:00+08:00,1,trial,,"The cloud service system, cloudbed-1, experienced a failure within the time range of March 20, 2022, from 11:30 to 12:00. The underlying reason for this failure is currently unknown. Please identify the root cause reason for the failure."
6,task_6,20220320_1200,2022-03-20T12:00:00+08:00,2022-03-20T12:30:00+08:00,2022-03-20T11:30:00+08:00,2,trial,,"The cloud service system, cloudbed-1, encountered two failures within the time range of March 20, 2022, from 12:00 to 12:30. The exact component responsible for these failures and the underlying reasons are currently unknown. Your task is to identify the root cause component and the root cause reason."
7,task_6,20220320_1200,2022-03-20T12:00:00+08:00,2022-03-20T12:30:00+08:00,2022-03-20T11:30:00+08:00,2,trial,,"The cloud service system, cloudbed-1, experienced two failures within the time range of March 20, 2022, from 12:00 to 12:30. The specific components responsible for these failures and the underlying reasons are currently unknown. You are tasked with identifying the root cause component and the root cause reason."
8,task_5,20220320_1300,2022-03-20T13:00:00+08:00,2022-03-20T13:30:00+08:00,2022-03-20T12:30:00+08:00,1,trial,,"The cloud service system, cloudbed-1, experienced a single failure within the time range of March 20, 2022, from 13:00 to 13:30. The exact time of the root cause occurrence and the affected component are currently unknown. You are tasked with identifying the root cause occurrence datetime and the root cause component in this failure."
9,task_4,20220320_1330,2022-03-20T13:30:00+08:00,2022-03-20T14:00:00+08:00,2022-03-20T13:00:00+08:00,2,trial,,"The system cloudbed-1 experienced two failures within the time range of March 20, 2022, from 13:30 to 14:00. The exact time of the root cause occurrence and the underlying reasons for these failures are currently unknown. Please identify the root cause occurrence datetime and the root cause reason."
10,task_1,20220320_1330,2022-03-20T13:30:00+08:00,2022-03-20T14:00:00+08:00,2022-03-20T13:00:00+08:00,2,trial,,"The cloud service system, cloudbed-1, may have experienced two failures within the time range of March 20, 2022, from 13:30 to 14:00. The exact times of these failures' occurrences are currently unknown. Your task is to determine the root cause occurrence datetime."
11,task_1,20220320_1400,2022-03-20T14:00:00+08:00,2022-03-20T14:30:00+08:00,2022-03-20T13:30:00+08:00,2,trial,,"The cloud service system, cloudbed-1, experienced two failures within the time range of March 20, 2022, from 14:00 to 14:30. The exact time of the root cause occurrence is currently unknown, which makes diagnosing the issue challenging. Please pinpoint the root cause occurrence datetime."
12,task_2,20220320_1600,2022-03-20T16:00:00+08:00,2022-03-20T16:30:00+08:00,2022-03-20T15:30:00+08:00,1,trial,,"The cloud service system, cloudbed-1, experienced a failure within the time range of March 20, 2022, from 16:00 to 16:30. The root cause of this failure is currently unknown. Your task is to identify the reason behind this issue."
13,task_5,20220320_1630,2022-03-20T16:30:00+08:00,2022-03-20T17:00:00+08:00,2022-03-20T16:00:00+08:00,1,trial,,"The cloudbed-1 system encountered a failure within the timeframe of March 20, 2022, from 16:30 to 17:00. At this point, the exact occurrence time of the root cause and the specific component involved in the failure are unknown. Your task is to determine the root cause occurrence datetime and the affected component."
14,task_5,20220320_1700,2022-03-20T17:00:00+08:00,2022-03-20T17:30:00+08:00,2022-03-20T16:30:00+08:00,2,trial,,"The cloud service system, cloudbed-1, experienced two failures within the time range of March 20, 2022, from 17:00 to 17:30. The exact time of occurrence and the affected components related to these failures are currently unknown. You are tasked with identifying the root cause occurrence datetime and the root cause component."
15,task_1,20220320_1730,2022-03-20T17:30:00+08:00,2022-03-20T18:00:00+08:00,2022-03-20T17:00:00+08:00,1,trial,,"Between the time range of March 20, 2022, from 17:30 to 18:00, the system cloudbed-1 experienced a failure. The exact time when the root cause occurred remains unknown, complicating the diagnosis. Please determine the root cause occurrence datetime."
16,task_5,20220320_1800,2022-03-20T18:00:00+08:00,2022-03-20T18:30:00+08:00,2022-03-20T17:30:00+08:00,2,trial,,"The cloud service system, cloudbed-1, experienced two failures within the time range of March 20, 2022, from 18:00 to 18:30. The exact time of the root cause occurrences and the affected components are currently unknown. Please identify the root cause occurrence datetime and the root cause component."
17,task_2,20220320_1800,2022-03-20T18:00:00+08:00,2022-03-20T18:30:00+08:00,2022-03-20T17:30:00+08:00,2,trial,,"During the specified time range of March 20, 2022, from 18:00 to 18:30, the cloud service system, cloudbed-1, experienced two failures. The reasons behind these failures are currently unknown. Your task is to identify the root cause reasons for these incidents."
18,task_6,20220320_1900,2022-03-20T19:00:00+08:00,2022-03-20T19:30:00+08:00,2022-03-20T18:30:00+08:00,1,trial,,"The cloud service system, cloudbed-1, encountered a failure within the time range of March 20, 2022, from 19:00 to 19:30. The root cause component and the underlying reasons for this failure are currently unknown. Please identify the root cause component and the root cause reason."
19,task_6,20220320_1930,2022-03-20T19:30:00+08:00,2022-03-20T20:00:00+08:00,2022-03-20T19:00:00+08:00,1,trial,,"The cloud service system, cloudbed-1, experienced a single failure within the time range of March 20, 2022, from 19:30 to 20:00. The component responsible for the failure and the underlying reason for this failure are currently unknown. Your task is to identify the root cause component and the reason behind the failure."
20,task_6,20220320_2000,2022-03-20T20:00:00+08:00,2022-03-20T20:30:00+08:00,2022-03-20T19:30:00+08:00,1,trial,,"The cloud service system, cloudbed-1, experienced a failure within the time range of March 20, 2022, from 20:00 to 20:30. The specific component that caused the failure and the underlying reason for this incident are currently unknown. Please identify the root cause component and the root cause reason."
21,task_5,20220320_2100,2022-03-20T21:00:00+08:00,2022-03-20T21:30:00+08:00,2022-03-20T20:30:00+08:00,1,trial,,"The cloud service system, cloudbed-1, experienced a failure within the time range of March 20, 2022, from 21:00 to 21:30. The exact time when the root cause occurred is currently unknown, as well as the specific component responsible. Your task is to identify both the root cause occurrence time and the root cause component."
22,task_4,20220320_2130,2022-03-20T21:30:00+08:00,2022-03-20T22:00:00+08:00,2022-03-20T21:00:00+08:00,2,trial,,"The cloud service system, cloudbed-1, may have experienced two failures within the time range of March 20, 2022, from 21:30 to 22:00. The exact time of occurrence and the underlying reasons for these failures are currently unknown. You are tasked with identifying the root cause occurrence datetime and the root cause reason."
23,task_5,20220320_2130,2022-03-20T21:30:00+08:00,2022-03-20T22:00:00+08:00,2022-03-20T21:00:00+08:00,2,trial,,"The cloud service system, cloudbed-1, experienced two failures within the time range of March 20, 2022, from 21:30 to 22:00. The exact times of the root cause occurrences and the specific components affected by these failures are currently unknown. Please identify the root cause occurrence datetime and the affected components."
24,task_3,20220320_2230,2022-03-20T22:30:00+08:00,2022-03-20T23:00:00+08:00,2022-03-20T22:00:00+08:00,1,trial,previously_used_as_case25_reference,"During the time range of March 20, 2022, from 22:30 to 23:00, the cloud service system, cloudbed-1, experienced a failure. The specific component responsible for this failure is currently unknown. Please identify the root cause component."
25,task_7,20220320_2300,2022-03-20T23:00:00+08:00,2022-03-20T23:30:00+08:00,2022-03-20T22:30:00+08:00,1,exposed_control,known_case,"The cloud service system, cloudbed-1, experienced a failure within the time range of March 20, 2022, from 23:00 to 23:30. The exact time of the root cause occurrence, the affected component, and the underlying reason for this failure are currently unknown. Please identify the root cause occurrence datetime, the root cause component, and the root cause reason."
26,task_7,20220320_2330,2022-03-20T23:30:00+08:00,2022-03-21T00:00:00+08:00,2022-03-20T23:00:00+08:00,1,trial,reference_overlaps_known_case,"During the time range of March 20, 2022, from 23:30 to March 21, 2022, 00:00, the cloud service system, cloudbed-1, experienced a failure. The exact component that caused the failure, the precise time of the root cause occurrence, and the underlying reason for this failure are currently unknown. Your task is to identify the root cause occurrence datetime, the root cause component, and the root cause reason."
27,task_7,20220320_0830,2022-03-20T08:30:00+08:00,2022-03-20T09:00:00+08:00,2022-03-20T08:00:00+08:00,2,trial,,"During the specified time range of March 20, 2022, from 08:30 to 09:00, the cloud service system, cloudbed-1, experienced two failures. The exact time of the root cause occurrence, the affected components, and the underlying reasons for these failures are currently unknown. You are tasked with identifying the root cause occurrence datetime, the root cause component, and the root cause reason."
28,task_2,20220320_0830,2022-03-20T08:30:00+08:00,2022-03-20T09:00:00+08:00,2022-03-20T08:00:00+08:00,2,trial,,"The cloud service system, cloudbed-1, experienced two failures within the time range of March 20, 2022, from 08:30 to 09:00. The exact underlying reasons for these failures are currently unknown. Please determine the root cause reason for the failures."
29,task_6,20220320_2200,2022-03-20T22:00:00+08:00,2022-03-20T22:30:00+08:00,2022-03-20T21:30:00+08:00,1,trial,,"The cloud service system, cloudbed-1, encountered one failure within the time range of March 20, 2022, from 22:00 to 22:30. We currently do not know the exact component affected by this failure or the underlying reason for it. You are tasked with identifying both the root cause component and the root cause reason."
30,task_3,20220320_1700,2022-03-20T17:00:00+08:00,2022-03-20T17:30:00+08:00,2022-03-20T16:30:00+08:00,2,trial,,"During the specified time range of March 20, 2022, from 17:00 to 17:30, the cloud service system, cloudbed-1, experienced two failures. The component responsible for these failures is currently unknown. Your task is to identify the root cause component."
31,task_2,20220320_1400,2022-03-20T14:00:00+08:00,2022-03-20T14:30:00+08:00,2022-03-20T13:30:00+08:00,2,trial,,"During the time range of March 20, 2022, from 14:00 to 14:30, the cloud service system, cloudbed-1, experienced two failures. The exact reasons for these failures are currently unknown. Please identify the root cause reason for these failures."
32,task_2,20220320_1500,2022-03-20T15:00:00+08:00,2022-03-20T15:30:00+08:00,2022-03-20T14:30:00+08:00,1,trial,,"Cloudbed-1 experienced a single failure within the specified time range of March 20, 2022, from 15:00 to 15:30. The underlying reason for this failure is currently unknown. You are tasked with identifying the root cause reason."
33,task_7,20220321_0030,2022-03-21T00:30:00+08:00,2022-03-21T01:00:00+08:00,2022-03-21T00:00:00+08:00,1,trial,,"The cloud service system, cloudbed-1, experienced a failure within the time range of March 21, 2022, from 00:30 to 01:00. The exact component responsible for the failure, the time of the root cause occurrence, and the underlying reason for this failure are currently unknown. Please identify the root cause component, the root cause occurrence datetime, and the root cause reason."
34,task_1,20220321_0100,2022-03-21T01:00:00+08:00,2022-03-21T01:30:00+08:00,2022-03-21T00:30:00+08:00,2,trial,,"The cloud service system, cloudbed-1, experienced two failures within the specified time range of March 21, 2022, from 01:00 to 01:30. The exact time of the root cause occurrence is currently unknown. Please investigate to determine the root cause occurrence datetime."
35,task_4,20220321_0100,2022-03-21T01:00:00+08:00,2022-03-21T01:30:00+08:00,2022-03-21T00:30:00+08:00,2,trial,,"The cloud service system, cloudbed-1, experienced two failures within the time range of March 21, 2022, from 01:00 to 01:30. The exact times at which the root causes of these failures occurred and the reasons for these failures are currently unknown. Please identify the root cause occurrence datetime and the root cause reason."
36,task_5,20220321_0130,2022-03-21T01:30:00+08:00,2022-03-21T02:00:00+08:00,2022-03-21T01:00:00+08:00,1,trial,,"The cloud service system, cloudbed-1, experienced a failure within the time range of March 21, 2022, from 01:30 to 02:00. The exact time of the root cause occurrence and the affected component are currently unknown. You are tasked with identifying the root cause occurrence datetime and the root cause component."
37,task_3,20220321_0200,2022-03-21T02:00:00+08:00,2022-03-21T02:30:00+08:00,2022-03-21T01:30:00+08:00,2,trial,,"During the time range of March 21, 2022, from 02:00 to 02:30, the system cloudbed-1 experienced two failures. It is unclear which component within the system is responsible for these failures. Please identify the root cause component."
38,task_7,20220321_0330,2022-03-21T03:30:00+08:00,2022-03-21T04:00:00+08:00,2022-03-21T03:00:00+08:00,1,trial,,"The cloud service system, cloudbed-1, experienced a failure within the time range of March 21, 2022, from 03:30 to 04:00. The detailed information about the failure, such as the root cause component, the exact time of occurrence, and the underlying reason, is currently unknown. You are tasked with identifying the root cause component, the root cause occurrence datetime, and the root cause reason."
39,task_4,20220321_0430,2022-03-21T04:30:00+08:00,2022-03-21T05:00:00+08:00,2022-03-21T04:00:00+08:00,1,trial,,"The cloud service system, cloudbed-1, experienced one failure within the time range of March 21, 2022, from 04:30 to 05:00. The exact occurrence time and reason for the root cause of this failure are currently unknown. Please identify the root cause occurrence datetime and the root cause reason."
40,task_5,20220321_0500,2022-03-21T05:00:00+08:00,2022-03-21T05:30:00+08:00,2022-03-21T04:30:00+08:00,1,trial,,"On March 21, 2022, between 05:00 and 05:30, the cloudbed-1 system experienced a failure. The exact datetime of the root cause occurrence and the component responsible for this failure are unknown. You are required to identify the root cause occurrence datetime and the root cause component."
41,task_1,20220321_0530,2022-03-21T05:30:00+08:00,2022-03-21T06:00:00+08:00,2022-03-21T05:00:00+08:00,1,trial,,"The cloud service system, cloudbed-1, experienced a failure within the time range of March 21, 2022, from 05:30 to 06:00. The exact time of the root cause occurrence is unknown. Please pinpoint the root cause occurrence datetime."
42,task_4,20220321_0700,2022-03-21T07:00:00+08:00,2022-03-21T07:30:00+08:00,2022-03-21T06:30:00+08:00,1,trial,,"The cloud service system, cloudbed-1, experienced a failure within the time period of March 21, 2022, from 07:00 to 07:30. The exact time when the root cause occurred as well as the underlying reason for this failure are currently unknown. You need to identify and determine the root cause occurrence time and the reason behind the failure."
43,task_1,20220321_0730,2022-03-21T07:30:00+08:00,2022-03-21T08:00:00+08:00,2022-03-21T07:00:00+08:00,2,trial,,"The cloudbed-1 system encountered two failures within the time range of March 21, 2022, from 07:30 to 08:00. The exact occurrence time for the root cause of these failures is currently unknown. Please identify the root cause occurrence datetime."
44,task_7,20220321_0730,2022-03-21T07:30:00+08:00,2022-03-21T08:00:00+08:00,2022-03-21T07:00:00+08:00,2,trial,,"The cloud service system, cloudbed-1, may have experienced two failures within the time range of March 21, 2022, from 07:30 to 08:00. The exact components involved in the failures, the precise time of occurrence, and the underlying reasons for these failures are currently unknown. You are tasked with identifying the root cause occurrence datetime, the root cause component, and the root cause reason."
45,task_6,20220321_0800,2022-03-21T08:00:00+08:00,2022-03-21T08:30:00+08:00,2022-03-21T07:30:00+08:00,1,trial,,"During the specified time range of March 21, 2022, from 08:00 to 08:30, the cloud service system, cloudbed-1, experienced a failure. The specific component responsible for the failure and the reason behind it are currently unknown. Please identify the root cause component and the root cause reason."
46,task_5,20220321_0830,2022-03-21T08:30:00+08:00,2022-03-21T09:00:00+08:00,2022-03-21T08:00:00+08:00,1,trial,,"The cloud service system, cloudbed-1, experienced one failure within the time range of March 21, 2022, from 08:30 to 09:00. The exact time of the root cause occurrence and the specific component responsible for this failure are currently unknown. You are tasked with identifying the root cause occurrence datetime and the root cause component."
47,task_7,20220321_0900,2022-03-21T09:00:00+08:00,2022-03-21T09:30:00+08:00,2022-03-21T08:30:00+08:00,2,trial,,"The cloud service system, cloudbed-1, encountered two failures within the time range of March 21, 2022, from 09:00 to 09:30. The exact time of the root cause occurrence, the component affected, and the underlying reason for these failures are currently unknown. You are tasked with identifying the root cause occurrence datetime, the root cause component, and the root cause reason."
48,task_3,20220321_0900,2022-03-21T09:00:00+08:00,2022-03-21T09:30:00+08:00,2022-03-21T08:30:00+08:00,2,trial,,"The cloud service system, cloudbed-1, experienced two failures within the time range of March 21, 2022, from 09:00 to 09:30. The specific component responsible for the root cause of these failures is currently unknown. Your task is to determine the root cause component."
49,task_5,20220321_0930,2022-03-21T09:30:00+08:00,2022-03-21T10:00:00+08:00,2022-03-21T09:00:00+08:00,1,trial,,"The cloud service system, cloudbed-1, experienced a failure within the time range of March 21, 2022, from 09:30 to 10:00. The exact time of the root cause occurrence and the specific component responsible for the failure are currently unknown. You are tasked with identifying the root cause occurrence datetime and the root cause component."
50,task_2,20220321_1000,2022-03-21T10:00:00+08:00,2022-03-21T10:30:00+08:00,2022-03-21T09:30:00+08:00,1,trial,,"The cloud service system, cloudbed-1, experienced a failure within the time range of March 21, 2022, from 10:00 to 10:30. The precise reason behind this failure is unknown. Please determine the root cause reason."
51,task_6,20220321_1030,2022-03-21T10:30:00+08:00,2022-03-21T11:00:00+08:00,2022-03-21T10:00:00+08:00,2,trial,,"During the time range of March 21, 2022, from 10:30 to 11:00, the cloudbed-1 system experienced two failures. The components affected and the reasons behind these failures are currently unknown. You are required to identify the root cause component and the root cause reason."
52,task_1,20220321_1030,2022-03-21T10:30:00+08:00,2022-03-21T11:00:00+08:00,2022-03-21T10:00:00+08:00,2,trial,,"The cloud service system, cloudbed-1, experienced two failures within the time range of March 21, 2022, from 10:30 to 11:00. The exact time of the root cause occurrence is currently unknown. Please identify the root cause occurrence datetime."
53,task_1,20220321_1130,2022-03-21T11:30:00+08:00,2022-03-21T12:00:00+08:00,2022-03-21T11:00:00+08:00,1,trial,,"The cloud service system, cloudbed-1, experienced a failure within the time range of March 21, 2022, from 11:30 to 12:00. The exact time of the root cause occurrence is currently unknown, complicating the diagnosis process. Please pinpoint the root cause occurrence datetime."
54,task_6,20220321_1330,2022-03-21T13:30:00+08:00,2022-03-21T14:00:00+08:00,2022-03-21T13:00:00+08:00,1,trial,,"On March 21, 2022, between 13:30 and 14:00, the cloud service system, cloudbed-1, experienced a single failure. The specific component responsible for the failure and the underlying reason are currently unknown. Please identify the root cause component and the reason for this failure."
55,task_2,20220321_1400,2022-03-21T14:00:00+08:00,2022-03-21T14:30:00+08:00,2022-03-21T13:30:00+08:00,2,trial,,"Within the time range of March 21, 2022, from 14:00 to 14:30, the cloud service system, cloudbed-1, experienced two failures. The root cause reason behind these failures is currently unknown. Please identify the root cause reason."
56,task_7,20220321_1400,2022-03-21T14:00:00+08:00,2022-03-21T14:30:00+08:00,2022-03-21T13:30:00+08:00,2,trial,,"The cloud service system, cloudbed-1, experienced two failures within the time range of March 21, 2022, from 14:00 to 14:30. The exact times of occurrence, the affected components, and the issues' underlying reasons are currently unknown. You are tasked with identifying the root cause occurrence datetime, the root cause component, and the root cause reason."
57,task_3,20220321_1430,2022-03-21T14:30:00+08:00,2022-03-21T15:00:00+08:00,2022-03-21T14:00:00+08:00,1,trial,,"The cloud service system, cloudbed-1, experienced one failure within the time range of March 21, 2022, from 14:30 to 15:00. The specific component responsible for this failure is currently unknown. Please identify the root cause component."
58,task_1,20220321_1500,2022-03-21T15:00:00+08:00,2022-03-21T15:30:00+08:00,2022-03-21T14:30:00+08:00,1,trial,,"The cloud service system, cloudbed-1, experienced a single failure within the specified time range of March 21, 2022, from 15:00 to 15:30. The exact time when the root cause occurred is currently unknown. Please identify the root cause occurrence datetime."
59,task_7,20220321_1530,2022-03-21T15:30:00+08:00,2022-03-21T16:00:00+08:00,2022-03-21T15:00:00+08:00,1,trial,,"The cloud service system, cloudbed-1, has experienced a failure during the time range of March 21, 2022, from 15:30 to 16:00. The specific component affected by this failure, the exact time of the root cause occurrence, and the reason behind this failure are all currently unknown. You are tasked with identifying the root cause component, the root cause occurrence datetime, and the root cause reason."
60,task_2,20220321_1600,2022-03-21T16:00:00+08:00,2022-03-21T16:30:00+08:00,2022-03-21T15:30:00+08:00,1,trial,,"The cloud service system, cloudbed-1, experienced a failure within the time range of March 21, 2022, from 16:00 to 16:30. While it is confirmed there was one failure, the reason for this failure remains unknown. Your task is to identify the root cause reason for this failure."
61,task_7,20220321_1630,2022-03-21T16:30:00+08:00,2022-03-21T17:00:00+08:00,2022-03-21T16:00:00+08:00,1,trial,,"On March 21, 2022, from 16:30 to 17:00, the cloud service system, cloudbed-1, experienced a failure. However, the exact time of the root cause occurrence, the affected component, and the underlying reason for this failure are currently unknown. Please identify the root cause occurrence datetime, the root cause component, and the root cause reason."
62,task_1,20220321_2000,2022-03-21T20:00:00+08:00,2022-03-21T20:30:00+08:00,2022-03-21T19:30:00+08:00,1,trial,,"On March 21, 2022, between 20:00 and 20:30, the cloud service system cloudbed-1 experienced a failure. The exact time of the root cause occurrence is unknown, complicating the diagnosis process. Please identify the root cause occurrence datetime."
63,task_4,20220321_2130,2022-03-21T21:30:00+08:00,2022-03-21T22:00:00+08:00,2022-03-21T21:00:00+08:00,1,trial,,"The cloud service system, cloudbed-1, experienced one failure within the time range of March 21, 2022, from 21:30 to 22:00. The specific time of the failure's root cause occurrence and the underlying reason for this failure are currently unknown. Your task is to determine the root cause occurrence datetime and the root cause reason."
64,task_3,20220321_2200,2022-03-21T22:00:00+08:00,2022-03-21T22:30:00+08:00,2022-03-21T21:30:00+08:00,1,trial,,"During the specified time range of March 21, 2022, from 22:00 to 22:30, the cloud service system cloudbed-1 experienced a failure. The particular component responsible for this failure is currently unknown. Please identify the root cause component of this failure."
65,task_4,20220321_2300,2022-03-21T23:00:00+08:00,2022-03-21T23:30:00+08:00,2022-03-21T22:30:00+08:00,1,trial,,"The cloud service system, cloudbed-1, experienced one failure within the time range of March 21, 2022, from 23:00 to 23:30. The exact time when the root cause occurred and the underlying reason for this failure are currently unknown. You are tasked with identifying the root cause occurrence datetime and the root cause reason."
66,task_6,20220321_2330,2022-03-21T23:30:00+08:00,2022-03-22T00:00:00+08:00,2022-03-21T23:00:00+08:00,1,trial,,"The cloud service system, cloudbed-1, has experienced one failure within the time range of March 21, 2022, from 23:30 to March 22, 2022, at 00:00. The exact component causing this failure and the reason behind it are currently unknown. Please identify the root cause component and the root cause reason."
67,task_7,20220321_0300,2022-03-21T03:00:00+08:00,2022-03-21T03:30:00+08:00,2022-03-21T02:30:00+08:00,1,trial,,"The cloud service system, cloudbed-1, experienced a failure within the specified time range of March 21, 2022, from 03:00 to 03:30. The exact component responsible for the failure, the precise occurrence time, and the underlying reason for this failure are all currently unknown. Your task is to identify the root cause component, the root cause occurrence time, and the root cause reason."
68,task_3,20220321_1200,2022-03-21T12:00:00+08:00,2022-03-21T12:30:00+08:00,2022-03-21T11:30:00+08:00,1,trial,,"The system, cloudbed-1, experienced a failure within the time range of March 21, 2022, from 12:00 to 12:30. There is one known failure, but the specific component responsible for this failure is currently unknown. Identify the root cause component that triggered this failure."
69,task_2,20220321_0200,2022-03-21T02:00:00+08:00,2022-03-21T02:30:00+08:00,2022-03-21T01:30:00+08:00,2,trial,,"The cloud service system, cloudbed-1, encountered two failures within the specified time range of March 21, 2022, from 02:00 to 02:30. The underlying reasons for these failures are currently unknown. You are tasked with identifying the root cause reason for these failures."
